benchmark,model,model_slug,input_tokens,reasoning_tokens,answer_tokens,score,score_raw,total_output_tokens
humanitys-last-exam,Apertus 70BInstruct,apertus-70b-instruct,666690.270785626,0.0,4333309.729214374,5.5,0.055,4333309.729214374
humanitys-last-exam,Apertus 8BInstruct,apertus-8b-instruct,652274.5088038928,0.0,1147725.4911961074,5.0,0.05,1147725.4911961074
humanitys-last-exam,Apriel-v1.5-15B-Thinker,apriel-v1-5-15b-thinker,645145.4042746235,41343538.2416889,11316.35403647478,12.0,0.12,41354854.59572537
humanitys-last-exam,Apriel-v1.6-15B-Thinker,apriel-v1-6-15b-thinker,668053.2612894833,22953183.508956764,378763.229753752,9.8,0.098,23331946.738710515
humanitys-last-exam,Claude 2.1,claude-21,651133.6659318195,0.0,648866.3340681806,4.2,0.042,648866.3340681806
humanitys-last-exam,Claude 3 Haiku,claude-3-haiku,676436.1122146233,0.0,523563.8877853768,3.9,0.039,523563.8877853768
humanitys-last-exam,Claude 3 Opus,claude-3-opus,749267.4812942249,0.0,1050732.5187057753,3.1,0.031,1050732.5187057753
humanitys-last-exam,Claude 3 Sonnet,claude-3-sonnet,673103.9021294095,0.0,826896.0978705904,3.8,0.038,826896.0978705904
humanitys-last-exam,Claude 3.5 Haiku,claude-3-5-haiku,745279.7856122438,0.0,754720.2143877562,3.5,0.035,754720.2143877562
humanitys-last-exam,Claude 3.5 Sonnet(June),claude-35-sonnet-june-24,641928.6732081458,0.0,1058071.326791854,3.7,0.037,1058071.326791854
humanitys-last-exam,Claude 3.5 Sonnet(Oct),claude-35-sonnet,760090.8709940539,0.0,839909.1290059461,3.9,0.039,839909.1290059461
humanitys-last-exam,Claude 3.7 Sonnet,claude-3-7-sonnet,635565.6660031793,0.0,1164434.3339968207,4.8,0.048,1164434.3339968207
humanitys-last-exam,Claude 3.7Sonnet,claude-3-7-sonnet,658230.5610479675,36019868.03604382,1321901.4029082072,10.3,0.103,37341769.43895203
humanitys-last-exam,Claude 4 Opus,claude-4-opus-thinking,657625.195006217,0.0,1342374.804993783,5.9,0.059,1342374.804993783
humanitys-last-exam,Claude 4 Sonnet,claude-4-sonnet,656241.3536033225,0.0,1443758.6463966772,4.0,0.04,1443758.6463966772
humanitys-last-exam,Claude 4.1Opus,claude-4-1-opus-thinking,,,,11.9,0.119,
humanitys-last-exam,Claude 4.5 Haiku,claude-4-5-haiku-reasoning,679450.6718740636,0.0,1720549.3281259362,4.3,0.043,1720549.3281259362
humanitys-last-exam,Claude 4.5 Sonnet,claude-4-5-sonnet-thinking,667185.469844544,0.0,1532814.530155456,7.1,0.071,1532814.530155456
humanitys-last-exam,Claude 4.5Haiku,claude-4-5-haiku-reasoning,664096.1303693217,51994415.2876623,1341488.5819683827,9.7,0.0969999999999999,53335903.86963068
humanitys-last-exam,Claude 4.5Sonnet,claude-4-5-sonnet-thinking,655001.824937706,35075330.946208164,1269667.228854134,17.3,0.173,36344998.1750623
humanitys-last-exam,Claude 4Opus,claude-4-opus-thinking,,,,11.7,0.1169999999999999,
humanitys-last-exam,Claude 4Sonnet,claude-4-sonnet,649640.3324847663,32953135.475680165,1397224.1918350684,9.6,0.096,34350359.66751523
humanitys-last-exam,Claude Instant,claude-instant,654655.1131291334,0.0,315344.8868708666,3.8,0.038,315344.8868708666
humanitys-last-exam,Claude Opus 4.5,claude-opus-4-5,659397.6135188991,0.0,1640602.386481101,12.9,0.129,1640602.386481101
humanitys-last-exam,Claude Opus 4.6(high),claude-opus-4-6,658971.4582837973,0.0,2241028.5417162026,18.6,0.186,2241028.5417162026
humanitys-last-exam,Claude Opus4.5,claude-opus-4-5,658024.1914100474,44993180.32370692,1348795.4848830358,28.4,0.284,46341975.80858995
humanitys-last-exam,Claude Opus4.6 (max),claude-opus-4-6-adaptive,645881.4649157187,108223897.4031206,1130221.1319636805,36.7,0.367,109354118.53508428
humanitys-last-exam,Claude Sonnet 4.6(Non-reasoning),claude-sonnet-4-6,661770.8531391337,0.0,2138229.1468608663,13.2,0.132,2138229.1468608663
humanitys-last-exam,"Claude Sonnet 4.6(Non-reasoning,Low Effort)",claude-sonnet-4-6-non-reasoning-low-effort,669195.4554038234,0.0,1530804.5445961766,10.8,0.108,1530804.5445961766
humanitys-last-exam,ClaudeSonnet 4.6(max),claude-sonnet-4-6-adaptive,652564.5995542253,128333765.16847429,1013670.231971482,30.0,0.3,129347435.40044576
humanitys-last-exam,Cogito v2.1,,640043.4703614489,10851705.633266384,508250.8963721658,11.0,0.11,11359956.52963855
humanitys-last-exam,Command A,command-a,586893.7486542572,0.0,1513106.251345743,4.6,0.046,1513106.251345743
humanitys-last-exam,Command-R (Mar),command-r-03-2024,631748.6093690833,0.0,768251.3906309167,4.8,0.048,768251.3906309167
humanitys-last-exam,Command-R+ (Apr),command-r-plus-04-2024,664718.8238688452,0.0,1035281.1761311546,4.5,0.045,1035281.1761311546
humanitys-last-exam,DBRX,dbrx,773779.0780872799,0.0,726220.9219127202,6.6,0.066,726220.9219127202
humanitys-last-exam,DeepHermes 3 -Llama-3.1 8B,,713248.9678409226,0.0,586751.0321590772,4.3,0.043,586751.0321590772
humanitys-last-exam,DeepHermes 3 -Mistral 24B,,689705.2528892388,0.0,810294.7471107612,3.9,0.039,810294.7471107612
humanitys-last-exam,DeepSeek Coder V2Lite,deepseek-coder-v2-lite,710383.589054892,0.0,1489616.410945108,5.3,0.053,1489616.410945108
humanitys-last-exam,DeepSeek R1(Jan),deepseek-r1-0120,774114.4596384971,20515591.542384904,710293.9979765991,9.3,0.093,21225885.5403615
humanitys-last-exam,DeepSeek R10528,deepseek-r1,649946.0655144206,31028637.63092761,1321416.3035579666,14.9,0.149,32350053.934485577
humanitys-last-exam,DeepSeek R10528 Qwen38B,deepseek-r1-qwen3-8b,661745.1375541219,24909563.661595467,428691.2008504102,5.6,0.0559999999999999,25338254.86244588
humanitys-last-exam,DeepSeek R1Distill Qwen1.5B,deepseek-r1-distill-qwen-1-5b,349905.0386032933,1368769.7522395125,181325.2091571944,3.3,0.033,1550094.961396707
humanitys-last-exam,DeepSeek R1Distill Qwen14B,deepseek-r1-distill-qwen-14b,680905.721248712,9878976.882641036,440117.39611025294,4.4,0.044,10319094.27875129
humanitys-last-exam,DeepSeek R1Distill Qwen32B,deepseek-r1-distill-qwen-32b,691617.4485341993,9770176.436808864,538206.1146569367,5.5,0.055,10308382.5514658
humanitys-last-exam,DeepSeek R1DistillLlama 70B,deepseek-r1-distill-llama-70b,781166.0490879598,13436520.133340403,782313.8175716362,6.1,0.061,14218833.95091204
humanitys-last-exam,DeepSeek R1DistillLlama 8B,deepseek-r1-distill-llama-8b,607659.259078711,6148339.690660557,444001.05026073137,4.2,0.042,6592340.740921288
humanitys-last-exam,DeepSeek V3 (Dec),deepseek-v3,775027.9040966476,0.0,1224972.0959033524,3.6,0.036,1224972.0959033524
humanitys-last-exam,DeepSeek V3 0324,deepseek-v3-0324,752580.4545672911,0.0,2447419.5454327087,5.2,0.052,2447419.5454327087
humanitys-last-exam,DeepSeek V3.1,deepseek-v3-1,664842.8994745367,0.0,3135157.1005254635,6.3,0.063,3135157.1005254635
humanitys-last-exam,DeepSeek V3.1Terminus,deepseek-v3-1-terminus,663434.6456188863,0.0,3936565.354381113,8.4,0.084,3936565.354381113
humanitys-last-exam,DeepSeek V3.2,deepseek-v3-2-reasoning,666816.8933368807,0.0,5933183.106663119,10.5,0.105,5933183.106663119
humanitys-last-exam,DeepSeek V3.2 Exp,deepseek-v3-2-reasoning-0925,661612.5486214778,0.0,3738387.4513785215,8.6,0.086,3738387.4513785215
humanitys-last-exam,DeepSeekV3.1,deepseek-v3-1,682478.333071548,21831157.2725171,486364.39441135246,13.0,0.13,22317521.66692845
humanitys-last-exam,DeepSeekV3.1Terminus,deepseek-v3-1-terminus,671300.577935109,24797004.30119606,531695.1208688287,15.2,0.152,25328699.42206489
humanitys-last-exam,DeepSeekV3.2,deepseek-v3-2-reasoning,660756.0956555081,38901276.11431111,437967.7900333902,22.2,0.222,39339243.9043445
humanitys-last-exam,DeepSeekV3.2 Exp,deepseek-v3-2-reasoning-0925,677869.3165602192,21775102.924801502,547027.7586382779,13.8,0.138,22322130.68343978
humanitys-last-exam,DeepSeekV3.2Speciale,deepseek-v3-2-speciale,668732.528779941,65655325.45833044,675942.0128896268,26.1,0.261,66331267.47122006
humanitys-last-exam,Devstral 2,devstral-2,672064.3946455644,0.0,4327935.605354436,3.6,0.036,4327935.605354436
humanitys-last-exam,Devstral Medium,devstral-medium,641467.1732026986,0.0,658532.8267973014,3.8,0.038,658532.8267973014
humanitys-last-exam,Devstral Small,devstral-small,662033.0943699413,0.0,637966.9056300587,3.7,0.037,637966.9056300587
humanitys-last-exam,Devstral Small 2,devstral-small-2,662845.5636992789,0.0,4037154.4363007215,3.4,0.034,4037154.4363007215
humanitys-last-exam,Devstral Small(May),devstral-small-2505,656610.4834625747,0.0,643389.5165374253,4.0,0.04,643389.5165374253
humanitys-last-exam,Doubao SeedCode,doubao-seed-code,659222.4669366839,21590763.888739698,750013.64432362,13.3,0.133,22340777.53306332
humanitys-last-exam,ERNIE 4.5 300BA47B,ernie-4-5-300b-a47b,668272.807390469,0.0,931727.1926095312,3.5,0.035,931727.1926095312
humanitys-last-exam,ERNIE 5.0ThinkingPreview,ernie-5-0-thinking-preview,661472.5822674859,24085136.37122032,1253391.046512192,12.7,0.127,25338527.417732514
humanitys-last-exam,EXAONE 4.0 32B,exaone-4-0-32b,667822.4605302238,0.0,2332177.539469776,4.9,0.049,2332177.539469776
humanitys-last-exam,EXAONE 4.032B,exaone-4-0-32b,666148.165527331,31177278.07671516,1156573.757757512,10.5,0.105,32333851.83447267
humanitys-last-exam,Exaone 4.0 1.2B,exaone-4-0-1-2b,674244.8459344014,0.0,625755.1540655986,5.8,0.0579999999999999,625755.1540655986
humanitys-last-exam,Exaone 4.01.2B,exaone-4-0-1-2b,666566.1698622003,17336123.000515927,997310.8296218752,5.8,0.0579999999999999,18333433.8301378
humanitys-last-exam,Falcon-H1R-7B,falcon-h1r-7b,664885.8133393291,50766485.86467403,568628.3219866367,10.8,0.108,51335114.18666067
humanitys-last-exam,GLM 5V Turbo,glm-5v-turbo,676221.4783953532,20281246.63038369,3042531.8912209566,15.8,0.158,23323778.52160465
humanitys-last-exam,GLM-4.5,glm-4.5,635649.9875140117,41184510.71031211,1179839.3021738727,12.2,0.122,42364350.01248599
humanitys-last-exam,GLM-4.5-Air,glm-4-5-air,667077.5568050651,48008299.01652148,324623.42667345714,6.8,0.068,48332922.44319494
humanitys-last-exam,GLM-4.5V,glm-4-5v,571714.9527165277,14766021.393204378,662263.6540790938,5.9,0.059,15428285.047283472
humanitys-last-exam,GLM-4.6,glm-4-6-reasoning,670175.6086847087,32195803.27088045,1134021.1204348465,13.3,0.133,33329824.391315296
humanitys-last-exam,GLM-4.6V,glm-4-6v-reasoning,670863.8098718601,41699190.713449575,629945.4766785614,8.9,0.089,42329136.19012813
humanitys-last-exam,GLM-4.7,glm-4-7-non-reasoning,668393.8640702115,66736971.840334885,594634.2955949017,25.1,0.251,67331606.1359298
humanitys-last-exam,GLM-4.7-Flash,glm-4-7-flash,669742.2064218431,29185154.81571084,145102.97786732067,7.1,0.071,29330257.79357816
humanitys-last-exam,GLM-5,glm-5,665651.4495719431,74772441.01591572,561907.5345123331,27.2,0.272,75334348.55042805
humanitys-last-exam,GLM-5-Turbo,glm-5-turbo,666159.5549721078,61668649.5066253,665190.9384025907,25.4,0.254,62333840.445027895
humanitys-last-exam,GLM-5.1,glm-5-1,670820.5723190018,80683339.99864715,645839.4290338443,28.0,0.28,81329179.427681
humanitys-last-exam,GPT-4 Turbo,gpt-4-turbo,774751.8721490696,0.0,1025248.1278509304,3.3,0.033,1025248.1278509304
humanitys-last-exam,GPT-4.1,gpt-4-1,699453.3264139442,0.0,2200546.673586056,4.6,0.046,2200546.673586056
humanitys-last-exam,GPT-4.1 mini,gpt-4-1-mini,693575.2750342878,0.0,2406424.724965712,4.6,0.046,2406424.724965712
humanitys-last-exam,GPT-4.1 nano,gpt-4-1-nano,695452.4906245779,0.0,1304547.5093754225,3.9,0.039,1304547.5093754225
humanitys-last-exam,GPT-4o (Aug),gpt-4o-2024-08-06,772393.7906468785,0.0,1127606.2093531217,2.9,0.0289999999999999,1127606.2093531217
humanitys-last-exam,GPT-4o (ChatGPT),gpt-4o-chatgpt,802828.7683271646,0.0,1097171.2316728355,3.7,0.037,1097171.2316728355
humanitys-last-exam,GPT-4o (Mar),gpt-4o-chatgpt-03-25,754263.5720960269,0.0,2245736.427903973,5.0,0.05,2245736.427903973
humanitys-last-exam,GPT-4o (May),gpt-4o-2024-05-13,778216.0774393578,0.0,1221783.9225606422,2.8,0.0279999999999999,1221783.9225606422
humanitys-last-exam,GPT-4o (Nov),gpt-4o,786367.2363784007,0.0,1513632.7636215992,3.3,0.033,1513632.7636215992
humanitys-last-exam,GPT-4o mini,gpt-4o-mini,778675.6922995682,0.0,1321324.3077004317,4.0,0.04,1321324.3077004317
humanitys-last-exam,GPT-5 (ChatGPT),gpt-5-chatgpt,674611.4298191539,0.0,2025388.570180846,5.8,0.0579999999999999,2025388.570180846
humanitys-last-exam,GPT-5 (high),gpt-5,682119.5220066067,34692704.45810037,625176.019893024,26.5,0.265,35317880.47799339
humanitys-last-exam,GPT-5 (low),gpt-5-low,671342.3069103042,6015283.271401422,513374.4216882733,18.4,0.184,6528657.693089696
humanitys-last-exam,GPT-5 (minimal),gpt-5-minimal,650742.9319334398,0.0,849257.0680665601,5.4,0.054,849257.0680665601
humanitys-last-exam,GPT-5 Codex(high),gpt-5-codex,667005.6640834027,43898473.70034256,434520.6355740382,25.6,0.256,44332994.33591659
humanitys-last-exam,GPT-5 mini(high),gpt-5-mini,673225.5330058284,30699361.50179437,627412.9651997983,19.7,0.1969999999999999,31326774.46699417
humanitys-last-exam,GPT-5 mini(medium),gpt-5-mini-medium,671039.3267122044,8608373.493387036,520587.1799007593,14.6,0.146,9128960.673287796
humanitys-last-exam,GPT-5 mini(minimal),gpt-5-mini-minimal,671986.5598490678,0.0,828013.4401509323,5.0,0.05,828013.4401509323
humanitys-last-exam,GPT-5 nano(high),gpt-5-nano,672448.764239309,47641051.87933408,686499.356426614,8.2,0.0819999999999999,48327551.23576069
humanitys-last-exam,GPT-5 nano(medium),gpt-5-nano-medium,662794.331176864,17732372.166105933,604833.502717202,7.6,0.076,18337205.66882313
humanitys-last-exam,GPT-5 nano(minimal),gpt-5-nano-minimal,682071.6237202331,0.0,817928.3762797668,4.1,0.0409999999999999,817928.3762797668
humanitys-last-exam,GPT-5(medium),gpt-5-medium,663132.5266702472,17754577.50417259,582289.9691571621,23.5,0.235,18336867.47332976
humanitys-last-exam,GPT-5.1,gpt-5-1-non-reasoning,681712.699195378,0.0,1418287.3008046222,5.2,0.052,1418287.3008046222
humanitys-last-exam,GPT-5.1(high),gpt-5-1,666660.0506288569,36481526.83705011,1851813.1123210297,26.5,0.265,38333339.94937114
humanitys-last-exam,GPT-5.1Codex (high),gpt-5-1-codex,659311.367104075,28805578.197395872,535110.4355000502,23.4,0.2339999999999999,29340688.632895924
humanitys-last-exam,GPT-5.1Codex mini(high),gpt-5-1-codex-mini,670248.046549158,31870818.50774424,458933.44570660125,16.9,0.1689999999999999,32329751.953450844
humanitys-last-exam,GPT-5.2,gpt-5-2-non-reasoning,668006.362194296,0.0,731993.6378057039,7.3,0.073,731993.6378057039
humanitys-last-exam,GPT-5.2(medium),gpt-5-2-medium,638541.9684672097,9696699.070597216,664758.9609355758,24.9,0.249,10361458.031532792
humanitys-last-exam,GPT-5.2(xhigh),gpt-5-2,649030.1993560686,55699060.99395544,651908.8066884904,35.4,0.354,56350969.80064393
humanitys-last-exam,GPT-5.2Codex(xhigh),gpt-5-2-codex,652264.3731286491,75947937.29500802,399798.3318633277,33.5,0.335,76347735.62687135
humanitys-last-exam,GPT-5.3Codex(xhigh),gpt-5-3-codex,676518.1581111004,29783554.516288444,539927.3256004549,39.9,0.3989999999999999,30323481.8418889
humanitys-last-exam,GPT-5.4 mini,gpt-5-4-mini-non-reasoning,640917.2928916033,0.0,459082.70710839663,5.7,0.057,459082.70710839663
humanitys-last-exam,GPT-5.4 mini(medium),gpt-5-4-mini-medium,668663.2599665466,14962277.99321892,369058.7468145344,17.1,0.171,15331336.740033451
humanitys-last-exam,GPT-5.4 mini(xhigh),gpt-5-4-mini,662283.6807882708,71984892.95944397,352823.35976776737,26.6,0.266,72337716.31921174
humanitys-last-exam,GPT-5.4 nano,gpt-5-4-nano-medium,694788.4780119924,10592554.22466819,712657.297319818,14.7,0.147,11305211.521988008
humanitys-last-exam,GPT-5.4 nano(xhigh),gpt-5-4-nano,658474.031236755,73740726.44723734,600799.521525896,26.5,0.265,74341525.96876323
humanitys-last-exam,GPT-5.4(Non-reasoning),gpt-5-4-non-reasoning,681156.8806010355,0.0,918843.1193989645,10.6,0.106,918843.1193989645
humanitys-last-exam,GPT-5.4(xhigh),gpt-5-4,659214.7620216749,34709520.78881818,631264.4491601475,41.6,0.416,35340785.237978324
humanitys-last-exam,Gemini 1.0 Pro,gemini-1-0-pro,794403.6626161834,0.0,1005596.3373838166,4.6,0.046,1005596.3373838166
humanitys-last-exam,Gemini 1.5 Flash(May),gemini-1-5-flash-may-2024,792397.5681429576,0.0,907602.4318570424,4.2,0.042,907602.4318570424
humanitys-last-exam,Gemini 1.5 Flash(Sep),gemini-1-5-flash,715472.9420890136,0.0,784527.0579109864,3.5,0.035,784527.0579109864
humanitys-last-exam,Gemini 1.5 Pro(May),gemini-1-5-pro-may-2024,619037.898617263,0.0,1380962.101382737,3.9,0.039,1380962.101382737
humanitys-last-exam,Gemini 1.5 Pro(Sep),gemini-1-5-pro,627695.5042589328,0.0,1472304.4957410677,4.9,0.049,1472304.4957410677
humanitys-last-exam,Gemini 1.5Flash-8B,gemini-1-5-flash-8b,620510.6589268219,0.0,1579489.341073178,4.5,0.045,1579489.341073178
humanitys-last-exam,Gemini 2.0 Flash,gemini-2-0-flash,634538.3659397089,0.0,2965461.634060291,5.3,0.053,2965461.634060291
humanitys-last-exam,Gemini 2.0 Flash(exp),gemini-2-0-flash-experimental,754996.2585555966,0.0,2345003.741444404,4.7,0.047,2345003.741444404
humanitys-last-exam,Gemini 2.0 ProExperimental,gemini-2-0-pro-experimental-02-05,644062.2832782178,0.0,2255937.716721782,6.8,0.068,2255937.716721782
humanitys-last-exam,Gemini 2.0Flash-Lite (Feb),gemini-2-0-flash-lite-001,598014.084673151,0.0,1901985.9153268489,3.6,0.036,1901985.9153268489
humanitys-last-exam,Gemini 2.0Flash-Lite(Preview),gemini-2-0-flash-lite-preview,634855.597400319,0.0,2165144.402599681,4.4,0.044,2165144.402599681
humanitys-last-exam,Gemini 2.0FlashThinking exp. (Jan),gemini-2-0-flash-thinking-exp-0121,714879.4936392546,0.0,2385120.506360745,7.1,0.071,2385120.506360745
humanitys-last-exam,Gemini 2.5 Flash,gemini-2-5-flash-reasoning-04-2025,749579.0137647031,0.0,7250420.986235297,5.1,0.051,7250420.986235297
humanitys-last-exam,Gemini 2.5 Flash(Sep),gemini-2-5-flash-preview-09-2025,649295.059479904,0.0,14350704.940520097,7.8,0.078,14350704.940520097
humanitys-last-exam,Gemini 2.5Flash,gemini-2-5-flash-reasoning-04-2025,687970.3726527225,37651585.51880963,4660444.108537644,11.6,0.1159999999999999,42312029.62734728
humanitys-last-exam,Gemini 2.5Flash (Sep),gemini-2-5-flash-preview-09-2025,676889.9566802222,25553091.779101416,1770018.2642183602,12.7,0.127,27323110.043319777
humanitys-last-exam,Gemini 2.5Flash-Lite,gemini-2-5-flash-lite-reasoning,750899.9228476674,33658330.58019248,2590769.4969598576,6.4,0.064,36249100.077152334
humanitys-last-exam,Gemini 2.5Flash-Lite (Sep),gemini-2-5-flash-lite-preview-09-2025-reasoning,662762.6241769398,0.0,16337237.375823062,4.6,0.046,16337237.375823062
humanitys-last-exam,Gemini 2.5Flash-Lite(Sep),gemini-2-5-flash-lite-preview-09-2025-reasoning,657334.8153476795,20786658.290682595,2556006.8939697244,6.6,0.066,23342665.18465232
humanitys-last-exam,Gemini 2.5Pro,gemini-2-5-pro,657559.2763556036,28532880.32879908,2809560.3948453204,21.1,0.211,31342440.7236444
humanitys-last-exam,Gemini 2.5Pro (Mar),gemini-2-5-pro-03-25,650411.4529210508,27163579.68710762,3186008.85997133,17.1,0.171,30349588.54707895
humanitys-last-exam,Gemini 2.5Pro (May),gemini-2-5-pro-05-06,689932.495858952,12712286.867970128,8597780.636170922,15.4,0.154,21310067.504141048
humanitys-last-exam,Gemini 3 Flash,gemini-3-flash-reasoning,686652.3171189349,0.0,1013347.6828810652,14.1,0.141,1013347.6828810652
humanitys-last-exam,Gemini 3 ProPreview(high),gemini-3-pro,672099.9531455227,27714795.07619762,1613104.9706568574,37.2,0.372,29327900.04685448
humanitys-last-exam,Gemini 3 ProPreview(low),gemini-3-pro-low,668993.406605458,414273.678916968,8416732.914477574,27.6,0.276,8831006.593394542
humanitys-last-exam,Gemini 3.1Flash-LitePreview,gemini-3-1-flash-lite-preview,670666.7030668163,31451682.90008208,877650.3968511098,16.2,0.162,32329333.29693319
humanitys-last-exam,Gemini 3.1Pro Preview,gemini-3-1-pro-preview,669148.8183764842,33936912.0950174,1393939.0866061244,44.7,0.447,35330851.181623526
humanitys-last-exam,Gemini 3Flash,gemini-3-flash-reasoning,668637.712646322,42400691.269296885,930671.0180567924,34.7,0.347,43331362.28735368
humanitys-last-exam,Gemma 3 12B,gemma-3-12b,742503.9641734252,0.0,1957496.0358265748,4.8,0.048,1957496.0358265748
humanitys-last-exam,Gemma 3 1B,gemma-3-1b,746695.4773174629,0.0,1453304.522682537,5.2,0.052,1453304.522682537
humanitys-last-exam,Gemma 3 270M,gemma-3-270m,660687.9309649803,0.0,2739312.06903502,4.2,0.042,2739312.06903502
humanitys-last-exam,Gemma 3 27B,gemma-3-27b,758738.463465583,0.0,1941261.536534417,4.7,0.047,1941261.536534417
humanitys-last-exam,Gemma 3 4B,gemma-3-4b,748855.0598475033,0.0,1851144.9401524968,5.2,0.052,1851144.9401524968
humanitys-last-exam,Gemma 3n E2B,gemma-3n-e2b,656841.8425170775,0.0,2843158.1574829225,4.0,0.04,2843158.1574829225
humanitys-last-exam,Gemma 3n E4B,gemma-3n-e4b,664286.8108973963,0.0,2235713.189102604,4.4,0.044,2235713.189102604
humanitys-last-exam,Gemma 3n E4B(May),gemma-3n-e4b-preview-0520,634753.2156835124,0.0,2065246.784316488,4.9,0.049,2065246.784316488
humanitys-last-exam,Gemma 4 26B A4B,gemma-4-26b-a4b,671245.5809326288,0.0,6228754.419067371,10.7,0.107,6228754.419067371
humanitys-last-exam,Gemma 4 26BA4B,gemma-4-26b-a4b,598090.8848171523,33391031.17267545,1010877.9425074008,18.3,0.183,34401909.11518285
humanitys-last-exam,Gemma 4 31B,gemma-4-31b,681275.2576262429,17790498.700379882,1528226.041993874,22.7,0.2269999999999999,19318724.74237376
humanitys-last-exam,Gemma 4 E2B,gemma-4-e2b,662439.2744093833,4782456.644219842,1055104.081370775,4.8,0.048,5837560.725590616
humanitys-last-exam,Gemma 4 E4B,gemma-4-e4b,668288.5030072065,4164652.379976696,967059.1170160972,4.7,0.047,5131711.496992793
humanitys-last-exam,Granite 3.3 8B,granite-3-3-8b-instruct,650519.9986173428,0.0,1149480.001382657,4.2,0.042,1149480.001382657
humanitys-last-exam,Granite 4.0 1B,granite-4-0-nano-1b,686553.9546988958,0.0,513446.04530110426,5.1,0.051,513446.04530110426
humanitys-last-exam,Granite 4.0 350M,granite-4-0-350m,665368.9180914863,0.0,2734631.081908514,5.7,0.057,2734631.081908514
humanitys-last-exam,Granite 4.0 H 1B,granite-4-0-h-nano-1b,676256.9860769407,0.0,823743.0139230595,5.0,0.05,823743.0139230595
humanitys-last-exam,Granite 4.0 H350M,granite-4-0-h-350m,688613.0326189237,0.0,611386.9673810763,6.4,0.064,611386.9673810763
humanitys-last-exam,Granite 4.0 HSmall,granite-4-0-h-small,685625.5924262371,0.0,914374.4075737628,3.7,0.037,914374.4075737628
humanitys-last-exam,Granite 4.0 Micro,granite-4-0-micro,687230.9753617799,0.0,912769.02463822,5.1,0.051,912769.02463822
humanitys-last-exam,Grok 2,grok-2-1212,783985.0218137944,0.0,1816014.9781862053,3.8,0.038,1816014.9781862053
humanitys-last-exam,Grok 3,grok-3,759153.5024636482,0.0,2740846.497536352,5.1,0.051,2740846.497536352
humanitys-last-exam,Grok 3 miniReasoning(high),grok-3-mini-reasoning,745348.7154541693,34744497.12314224,510154.16140358907,11.1,0.111,35254651.28454583
humanitys-last-exam,Grok 4,grok-4,657057.4115088771,46084108.497537136,258834.09095399085,23.9,0.239,46342942.58849113
humanitys-last-exam,Grok 4 Fast,grok-4-fast-reasoning,668299.9592360657,25822765.25051314,508934.7902507965,17.0,0.17,26331700.040763937
humanitys-last-exam,Grok 4.1 Fast,grok-4-1-fast,649350.128084873,0.0,1050649.871915127,5.0,0.05,1050649.871915127
humanitys-last-exam,Grok 4.1Fast,grok-4-1-fast,662122.5612983364,29867231.26658514,470646.1721165212,17.6,0.176,30337877.438701663
humanitys-last-exam,Grok 4.20 0309,grok-4-20-0309-non-reasoning,668996.5786622837,0.0,26331003.42133772,22.5,0.225,26331003.42133772
humanitys-last-exam,Grok 4.20 0309 v2,grok-4-20-non-reasoning,656181.5779252553,0.0,31343818.422074743,24.2,0.242,31343818.422074743
humanitys-last-exam,Grok 4.200309,grok-4-20-0309-non-reasoning,660722.8440418448,33307959.95833205,1031317.1976261036,30.0,0.3,34339277.15595815
humanitys-last-exam,Grok 4.200309 v2,grok-4-20-non-reasoning,667702.2002206175,38213693.359442815,1118604.4403365655,32.2,0.322,39332297.79977938
humanitys-last-exam,Grok Beta,grok-beta,784060.8782435236,0.0,1415939.1217564764,4.7,0.047,1415939.1217564764
humanitys-last-exam,Grok CodeFast 1,grok-code-fast-1,655343.8489662384,32975672.98244719,368983.1685865735,7.5,0.075,33344656.151033763
humanitys-last-exam,Hermes 3 -Llama-3.1 70B,hermes-3-llama-3-1-70b,694947.0272765771,0.0,805052.972723423,4.1,0.0409999999999999,805052.972723423
humanitys-last-exam,Hermes 4 405B,,654660.6434101951,0.0,545339.3565898049,4.2,0.042,545339.3565898049
humanitys-last-exam,Hermes 4 70B,,616925.979087677,28211740.974979065,1171333.045933257,7.9,0.079,29383074.020912323
humanitys-last-exam,Hermes 4405B,,654363.6543818343,25279106.336189367,66530.0094287968,10.3,0.103,25345636.34561816
humanitys-last-exam,HyperCLOVA XSEED Think(32B),hyperclova-x-seed-think-32b,693192.4004850093,10006984.792727608,299822.80678738176,5.5,0.055,10306807.59951499
humanitys-last-exam,INTELLECT-3,intellect-3,662152.4304398966,44242635.452608265,1095212.1169518377,12.1,0.121,45337847.5695601
humanitys-last-exam,Jamba 1.5 Large,jamba-1-5-large,781985.5822668928,0.0,1118014.4177331072,4.0,0.04,1118014.4177331072
humanitys-last-exam,Jamba 1.5 Mini,jamba-1-5-mini,744015.3896320413,0.0,855984.6103679587,5.1,0.051,855984.6103679587
humanitys-last-exam,Jamba 1.6 Large,jamba-1-6-large,706859.3980854341,0.0,793140.6019145659,4.0,0.04,793140.6019145659
humanitys-last-exam,Jamba 1.6 Mini,jamba-1-6-mini,704492.4790149037,0.0,895507.5209850962,4.6,0.046,895507.5209850962
humanitys-last-exam,Jamba 1.7 Large,jamba-1-7-large,681965.4641039736,0.0,618034.5358960263,3.8,0.038,618034.5358960263
humanitys-last-exam,Jamba 1.7 Mini,jamba-1-7-mini,657020.7156980038,0.0,742979.2843019962,4.5,0.045,742979.2843019962
humanitys-last-exam,JambaReasoning 3B,jamba-reasoning-3b,667566.2429620335,6342657.277969558,289776.4790684094,4.6,0.046,6632433.757037967
humanitys-last-exam,K-EXAONE,k-exaone,654877.5425209712,60868624.70418854,1476497.7532904868,13.1,0.131,62345122.45747903
humanitys-last-exam,K2 Think V2,k2-think-v2,640015.0832484376,44922791.227675416,437193.6890761512,9.5,0.095,45359984.91675156
humanitys-last-exam,K2-V2 (high),k2-v2,650035.6697150387,44320313.67196171,1029650.6583232512,9.8,0.098,45349964.33028496
humanitys-last-exam,K2-V2 (low),k2-v2-low,671228.0688916327,677922.1278149149,850849.8032934524,3.9,0.039,1528771.9311083672
humanitys-last-exam,K2-V2(medium),k2-v2-medium,667792.2434872346,5258428.348119125,1073779.4083936408,4.4,0.044,6332207.756512766
humanitys-last-exam,KAT-Coder-Pro V1,kat-coder-pro-v1,639703.5043794091,0.0,360296.49562059087,33.4,0.3339999999999999,360296.49562059087
humanitys-last-exam,KAT-Coder-Pro V2,,659041.6169082542,0.0,2740958.383091746,16.0,0.16,2740958.383091746
humanitys-last-exam,Kimi K2,kimi-k2,660936.5426560864,0.0,4539063.457343914,7.0,0.07,4539063.457343914
humanitys-last-exam,Kimi K2 0905,kimi-k2-0905,660035.148196681,0.0,1739964.8518033188,6.3,0.063,1739964.8518033188
humanitys-last-exam,Kimi K2.5,kimi-k2-5-non-reasoning,671927.3157220111,54335328.80532831,992743.8789496844,29.4,0.294,55328072.684278
humanitys-last-exam,Kimi K2Thinking,kimi-k2-thinking,665770.2541045357,67370869.94155578,963359.8043396848,22.3,0.223,68334229.74589548
humanitys-last-exam,Kimi Linear 48BA3B Instruct,kimi-linear-48b-a3b-instruct,668042.3201020354,0.0,28331957.679897964,2.7,0.027,28331957.679897964
humanitys-last-exam,LFM 40B,lfm-40b,733636.5969290107,0.0,666363.4030709893,4.9,0.049,666363.4030709893
humanitys-last-exam,LFM2 1.2B,lfm2-1-2b,635547.2527617533,0.0,1464452.7472382467,5.7,0.057,1464452.7472382467
humanitys-last-exam,LFM2 2.6B,lfm2-2-6b,684174.7614236088,0.0,1215825.2385763912,5.2,0.052,1215825.2385763912
humanitys-last-exam,LFM2 24B A2B,lfm2-24b-a2b,659815.4049680734,0.0,4240184.595031927,4.4,0.044,4240184.595031927
humanitys-last-exam,LFM2 8B A1B,lfm2-8b-a1b,658411.4475142373,0.0,2341588.5524857626,4.9,0.049,2341588.5524857626
humanitys-last-exam,LFM2.5-1.2B-Instruct,lfm2-5-1-2b-instruct,673064.5145017145,0.0,626935.4854982855,6.8,0.068,626935.4854982855
humanitys-last-exam,LFM2.5-1.2B-Thinking,lfm2-5-1-2b-thinking,668575.3687763958,7276629.000973764,254795.63024983893,6.1,0.061,7531424.631223603
humanitys-last-exam,LFM2.5-VL-1.6B,lfm2-5-vl-1-6b,661108.8473928341,0.0,2438891.1526071657,5.1,0.051,2438891.1526071657
humanitys-last-exam,Ling-1T,ling-1t,660824.7326867945,0.0,6839175.267313206,7.2,0.072,6839175.267313206
humanitys-last-exam,Ling-flash-2.0,ling-flash-2-0,625111.0324794119,0.0,10374888.967520587,6.3,0.063,10374888.967520587
humanitys-last-exam,Ling-mini-2.0,ling-mini-2-0,666633.2889814947,0.0,15333366.711018506,5.0,0.05,15333366.711018506
humanitys-last-exam,Llama 2 Chat 13B,llama-2-chat-13b,768834.6510357124,0.0,831165.3489642876,4.7,0.047,831165.3489642876
humanitys-last-exam,Llama 2 Chat 70B,llama-2-chat-70b,793233.8735533991,0.0,806766.1264466009,5.0,0.05,806766.1264466009
humanitys-last-exam,Llama 2 Chat 7B,llama-2-chat-7b,741982.2016420724,0.0,958017.7983579276,5.8,0.0579999999999999,958017.7983579276
humanitys-last-exam,Llama 3 70B,llama-3-instruct-70b,626014.8723225466,0.0,673985.1276774534,4.4,0.044,673985.1276774534
humanitys-last-exam,Llama 3 8B,llama-3-instruct-8b,736107.3778213992,0.0,763892.6221786006,5.1,0.051,763892.6221786006
humanitys-last-exam,Llama 3.1 405B,llama-3-1-instruct-405b,644996.4734866172,0.0,1455003.5265133828,4.2,0.042,1455003.5265133828
humanitys-last-exam,Llama 3.1 70B,llama-3-1-instruct-70b,781760.8057645427,0.0,2418239.1942354576,4.6,0.046,2418239.1942354576
humanitys-last-exam,Llama 3.1 8B,llama-3-1-instruct-8b,717807.6793691503,0.0,1882192.3206308496,5.1,0.051,1882192.3206308496
humanitys-last-exam,Llama 3.1Nemotron 70B,llama-3-1-nemotron-instruct-70b,779152.5617566416,0.0,1820847.4382433584,4.6,0.046,1820847.4382433584
humanitys-last-exam,Llama 3.1NemotronNano 4B v1.1,llama-3-1-nemotron-nano-4b-reasoning,653095.844495517,37462229.90819541,3884674.247309071,5.1,0.051,41346904.15550449
humanitys-last-exam,Llama 3.2 11B(Vision),llama-3-2-instruct-11b-vision,641182.6096436688,0.0,3458817.390356331,5.2,0.052,3458817.390356331
humanitys-last-exam,Llama 3.2 1B,llama-3-2-instruct-1b,657124.9437120823,0.0,3442875.056287917,5.3,0.053,3442875.056287917
humanitys-last-exam,Llama 3.2 3B,llama-3-2-instruct-3b,655780.0724029826,0.0,1744219.9275970173,5.2,0.052,1744219.9275970173
humanitys-last-exam,Llama 3.2 90B(Vision),llama-3-2-instruct-90b-vision,786341.3549245918,0.0,2213658.6450754083,4.9,0.049,2213658.6450754083
humanitys-last-exam,Llama 3.3 70B,llama-3-3-instruct-70b,777793.0842896261,0.0,1822206.915710374,4.0,0.04,1822206.915710374
humanitys-last-exam,Llama 3.3Nemotron Super49B,llama-3-3-nemotron-super-49b,754275.8411240675,0.0,2345724.1588759325,3.5,0.035,2345724.1588759325
humanitys-last-exam,Llama 3.3NemotronSuper 49B,llama-3-3-nemotron-super-49b,690757.8785766312,18463470.75284484,845771.3685785356,6.5,0.065,19309242.12142337
humanitys-last-exam,Llama 4 Maverick,llama-4-maverick,654907.0158303817,0.0,2345092.984169618,4.8,0.048,2345092.984169618
humanitys-last-exam,Llama 4 Scout,llama-4-scout,751141.4156243791,0.0,2648858.5843756213,4.3,0.043,2648858.5843756213
humanitys-last-exam,Llama NemotronSuper 49B v1.5,llama-nemotron-super-49b-v1-5-reasoning,681094.9575920252,0.0,2118905.042407975,4.3,0.043,2118905.042407975
humanitys-last-exam,LlamaNemotronSuper 49B v1.5,llama-nemotron-super-49b-v1-5-reasoning,667782.9147323546,23753923.45944283,578293.6258248125,6.8,0.068,24332217.085267644
humanitys-last-exam,LlamaNemotronUltra,llama-3-1-nemotron-ultra-253b-v1-reasoning,753356.431677973,18664307.201035514,582336.367286513,8.1,0.081,19246643.56832203
humanitys-last-exam,LongCat FlashLite,longcat-flash-lite,642927.3937330245,0.0,9357072.606266975,6.0,0.06,9357072.606266975
humanitys-last-exam,MagistralMedium 1,magistral-medium,652919.0286871536,33139098.058391675,1207982.9129211712,9.5,0.095,34347080.97131284
humanitys-last-exam,MagistralMedium 1.2,magistral-medium-2509,663396.3290159772,28400875.15087433,935728.5201096876,9.6,0.096,29336603.67098402
humanitys-last-exam,MagistralSmall 1,magistral-small,1002279.3950652558,31489562.48798925,1508158.1169454865,7.2,0.072,32997720.60493474
humanitys-last-exam,MagistralSmall 1.2,magistral-small-2509,660552.8913810158,20604521.66578731,734925.4428316745,6.1,0.061,21339447.108618986
humanitys-last-exam,Mercury 2,mercury-2,631082.970346268,26091088.87952784,1277828.150125899,15.5,0.155,27368917.02965373
humanitys-last-exam,Mi:dm K 2.5Pro,mi-dm-k-2-5-pro-dec28,650556.9653669063,31726550.847777378,622892.186855716,7.7,0.077,32349443.034633093
humanitys-last-exam,Mi:dm K 2.5Pro Preview,midm-250-pro-rsnsft,668482.9367040632,47689925.99811264,641591.0651832991,8.8,0.088,48331517.06329594
humanitys-last-exam,MiMo-V2-Flash,mimo-v2-flash,668182.8338569151,63048194.69900927,283622.46713381464,21.1,0.211,63331817.16614308
humanitys-last-exam,MiMo-V2-Flash(Feb 2026),mimo-v2-0206,635946.028145853,49833912.61070114,530141.3611530134,20.0,0.2,50364053.97185415
humanitys-last-exam,MiMo-V2-Omni,mimo-v2-omni,658942.69403239,54770459.71475787,570597.5912097429,19.9,0.1989999999999999,55341057.30596761
humanitys-last-exam,MiMo-V2-Omni-0327,mimo-v2-omni-0327,662522.6016768418,54846032.44807355,491444.9502496072,20.4,0.204,55337477.39832316
humanitys-last-exam,MiMo-V2-Pro,mimo-v2-pro,668994.676146072,42340374.02130682,990631.3025471078,28.3,0.283,43331005.323853925
humanitys-last-exam,MiniMax M140k,minimax-m1-40k,653200.386617009,33750825.42686602,595974.1865169754,7.5,0.075,34346799.613382995
humanitys-last-exam,MiniMax M180k,minimax-m1-80k,665530.5131292118,1083417.6598709542,51051.82699983388,8.2,0.0819999999999999,1134469.486870788
humanitys-last-exam,MiniMax-M2,minimax-m2,612447.7569507551,39196184.49156109,1191367.7514881543,12.5,0.125,40387552.24304925
humanitys-last-exam,MiniMax-M2.1,minimax-m2-1,661243.8400849564,33145144.96969632,1193611.1902187224,22.2,0.222,34338756.159915045
humanitys-last-exam,MiniMax-M2.5,minimax-m2-5,667410.6855764642,32913442.50705668,419146.8073668598,19.1,0.191,33332589.31442354
humanitys-last-exam,MiniMax-M2.7,minimax-m2-7,660697.86865508,52421250.74171756,918051.3896273616,28.1,0.281,53339302.13134492
humanitys-last-exam,Ministral 3 14B,ministral-3-14b,671094.861846058,0.0,6728905.138153941,4.6,0.046,6728905.138153941
humanitys-last-exam,Ministral 3 3B,ministral-3-3b,691488.7441875758,0.0,10308511.255812423,5.3,0.053,10308511.255812423
humanitys-last-exam,Ministral 3 8B,ministral-3-8b,670221.4165785521,0.0,8429778.583421448,4.3,0.043,8429778.583421448
humanitys-last-exam,Mistral 7B,mistral-7b-instruct,663754.9945625489,0.0,1736245.005437451,4.3,0.043,1736245.005437451
humanitys-last-exam,Mistral Large 2(Jul),mistral-large-2407,644369.3156433385,0.0,855630.6843566615,3.2,0.032,855630.6843566615
humanitys-last-exam,Mistral Large 2(Nov),mistral-large-2,802080.4371060606,0.0,1197919.5628939394,4.0,0.04,1197919.5628939394
humanitys-last-exam,Mistral Large 3,mistral-large-3,657219.2343795414,0.0,2542780.7656204584,4.1,0.0409999999999999,2542780.7656204584
humanitys-last-exam,Mistral Large(Feb),mistral-large,667594.4226383383,0.0,732405.5773616617,3.4,0.034,732405.5773616617
humanitys-last-exam,Mistral Medium,mistral-medium,803952.7510738416,0.0,896047.2489261584,3.4,0.034,896047.2489261584
humanitys-last-exam,Mistral Medium 3,mistral-medium-3,699742.9791975818,0.0,1700257.0208024182,4.3,0.043,1700257.0208024182
humanitys-last-exam,Mistral Medium3.1,mistral-medium-3-1,670735.5495810574,0.0,4629264.450418943,4.4,0.044,4629264.450418943
humanitys-last-exam,Mistral Saba,mistral-saba,793964.362282929,0.0,1106035.637717071,4.1,0.0409999999999999,1106035.637717071
humanitys-last-exam,Mistral Small 3,mistral-small-3,785541.9928001934,0.0,1214458.0071998066,4.1,0.0409999999999999,1214458.0071998066
humanitys-last-exam,Mistral Small 3.1,mistral-small-3-1,706966.1927036652,0.0,893033.8072963346,4.8,0.048,893033.8072963346
humanitys-last-exam,Mistral Small 3.2,mistral-small-3-2,666367.5764660516,0.0,933632.4235339484,4.3,0.043,933632.4235339484
humanitys-last-exam,Mistral Small 4,mistral-small-4,657014.0883344787,0.0,1242985.911665521,3.7,0.037,1242985.911665521
humanitys-last-exam,Mistral Small(Feb),mistral-small-2402,783438.6317922862,0.0,516561.36820771394,4.4,0.044,516561.36820771394
humanitys-last-exam,Mistral Small(Sep),mistral-small,785700.10254716,0.0,714299.8974528401,4.3,0.043,714299.8974528401
humanitys-last-exam,MistralSmall 4,mistral-small-4,667175.3082866467,34903143.27519903,429681.4165143187,9.5,0.095,35332824.691713355
humanitys-last-exam,Mixtral 8x22B,mistral-8x22b-instruct,789990.1750560228,0.0,1010009.8249439772,4.1,0.0409999999999999,1010009.8249439772
humanitys-last-exam,Mixtral 8x7B,mixtral-8x7b-instruct,646278.6540436802,0.0,1353721.3459563197,4.5,0.045,1353721.3459563197
humanitys-last-exam,Molmo 7B-D,molmo-7b-d,610085.0293943002,0.0,489914.9706056999,5.1,0.051,489914.9706056999
humanitys-last-exam,Molmo2-8B,molmo2-8b,671949.6947683792,0.0,1928050.3052316208,4.4,0.044,1928050.3052316208
humanitys-last-exam,Motif-2-12.7B,motif-2-12-7b,669075.0698675835,65090385.82759693,2240539.1025354816,8.2,0.0819999999999999,67330924.93013242
humanitys-last-exam,Muse Spark,muse-spark,663412.5787820555,25625508.290403564,1711079.1308143835,39.9,0.3989999999999999,27336587.42121795
humanitys-last-exam,NVIDIA Nemotron 3Nano,nvidia-nemotron-3-nano-30b-a3b-reasoning,663513.8283292452,0.0,1436486.171670755,4.6,0.046,1436486.171670755
humanitys-last-exam,NVIDIA NemotronNano 12B v2 VL,nvidia-nemotron-nano-12b-v2-vl-reasoning,646971.9508323242,0.0,853028.0491676758,4.5,0.045,853028.0491676758
humanitys-last-exam,NVIDIA NemotronNano 9B V2,nvidia-nemotron-nano-9b-v2,646518.7214861899,0.0,14353481.27851381,4.0,0.04,14353481.27851381
humanitys-last-exam,NVIDIANemotron 3Nano,nvidia-nemotron-3-nano-30b-a3b-reasoning,667168.0122757587,66302392.53463243,30439.45309181393,10.2,0.102,66332831.987724245
humanitys-last-exam,NVIDIANemotron 3Nano 4B,nvidia-nemotron-3-nano-4b,629935.9606986495,3027771.3062223103,442292.7330790401,4.8,0.048,3470064.0393013502
humanitys-last-exam,NVIDIANemotron 3Super,nvidia-nemotron-3-super-120b-a12b,631201.9594031981,69631927.70815907,736870.332437724,19.2,0.192,70368798.0405968
humanitys-last-exam,NVIDIANemotronNano 12B v2 VL,nvidia-nemotron-nano-12b-v2-vl-reasoning,656425.9537504361,24741832.42346461,601741.6227849479,5.3,0.053,25343574.04624956
humanitys-last-exam,NVIDIANemotronNano 9B V2,nvidia-nemotron-nano-9b-v2,678411.771947432,11812368.399331791,509219.828720777,4.6,0.046,12321588.228052568
humanitys-last-exam,Nanbeige4.1-3B,nanbeige4-1-3b,670851.5111276099,60457944.93038624,2871203.558486148,10.0,0.1,63329148.48887239
humanitys-last-exam,NemotronCascade 230B A3B,nemotron-cascade-2-30b-a3b,659407.5701049939,30742308.77049848,598283.659396536,11.4,0.114,31340592.429895014
humanitys-last-exam,Nova 2.0 Lite,nova-2-0-lite,661564.834550845,0.0,4038435.165449155,3.0,0.03,4038435.165449155
humanitys-last-exam,Nova 2.0 Omni,nova-2-0-omni,642447.9308243181,0.0,1757552.069175682,3.9,0.039,1757552.069175682
humanitys-last-exam,Nova 2.0 ProPreview,nova-2-0-pro,646057.1671480822,0.0,1953942.832851918,4.0,0.04,1953942.832851918
humanitys-last-exam,Nova 2.0 ProPreview(low),nova-2-0-pro-reasoning-low,656056.5548920307,2921231.6148394807,622711.830268489,5.2,0.052,3543943.445107969
humanitys-last-exam,Nova 2.0 ProPreview(medium),nova-2-0-pro-reasoning-medium,661633.8296506032,15606040.408158682,732325.762190716,8.9,0.089,16338366.1703494
humanitys-last-exam,Nova 2.0Lite (high),nova-2-0-lite-reasoning,652662.290189484,117589851.6398173,1757486.069993199,10.9,0.109,119347337.7098105
humanitys-last-exam,Nova 2.0Lite (low),nova-2-0-lite-reasoning-low,672609.1513476456,4020501.896588264,606888.9520640909,4.2,0.042,4627390.848652355
humanitys-last-exam,Nova 2.0Lite(medium),nova-2-0-lite-reasoning-medium,656218.1477022697,26650215.11749945,1693566.7347982803,8.6,0.086,28343781.852297727
humanitys-last-exam,Nova 2.0Omni (low),nova-2-0-omni-reasoning-low,651385.6045080211,3994813.7871176,753800.6083743785,4.0,0.04,4748614.395491978
humanitys-last-exam,Nova 2.0Omni(medium),nova-2-0-omni-reasoning-medium,640056.8921373636,15395868.09981399,964075.008048646,6.8,0.068,16359943.107862636
humanitys-last-exam,Nova Lite,nova-lite,650334.7841746238,0.0,1049665.215825376,4.6,0.046,1049665.215825376
humanitys-last-exam,Nova Micro,nova-micro,639541.2803188172,0.0,1160458.7196811826,4.7,0.047,1160458.7196811826
humanitys-last-exam,Nova Premier,nova-premier,705252.4712501232,0.0,1494747.528749877,4.7,0.047,1494747.528749877
humanitys-last-exam,Nova Pro,nova-pro,631258.3477480519,0.0,768741.6522519483,3.4,0.034,768741.6522519483
humanitys-last-exam,OLMo 2 32B,olmo-2-32b,624379.1550065774,0.0,675620.8449934227,3.7,0.037,675620.8449934227
humanitys-last-exam,OLMo 2 7B,olmo-2-7b,621127.7020245711,0.0,878872.2979754289,5.5,0.055,878872.2979754289
humanitys-last-exam,Olmo 3 32BThink,olmo-3-32b-think,668659.6084888778,28852348.24302234,478992.1484887794,5.9,0.059,29331340.39151112
humanitys-last-exam,Olmo 3 7B,,671102.6225269758,0.0,6328897.377473025,5.8,0.0579999999999999,6328897.377473025
humanitys-last-exam,Olmo 3 7BThink,olmo-3-7b-think,670509.5324317979,29111244.378715467,2218246.0888527366,5.7,0.057,31329490.467568204
humanitys-last-exam,Olmo 3.1 32BInstruct,olmo-3-1-32b-instruct,662081.1096210052,0.0,10337918.890378997,4.9,0.049,10337918.890378997
humanitys-last-exam,Olmo 3.1 32BThink,olmo-3-1-32b-think,665004.6615248783,26988124.044280548,346871.2941945732,6.0,0.06,27334995.33847512
humanitys-last-exam,OpenChat 3.5,openchat-35,785028.6010272199,0.0,914971.39897278,4.8,0.048,914971.39897278
humanitys-last-exam,Phi-3 Mini,phi-3-mini,770099.9938125958,0.0,1129900.0061874045,4.4,0.044,1129900.0061874045
humanitys-last-exam,Phi-4,phi-4,774979.0901896041,0.0,1725020.909810396,4.1,0.0409999999999999,1725020.909810396
humanitys-last-exam,Phi-4 Mini,phi-4-mini,786341.6881517689,0.0,1613658.3118482311,4.2,0.042,1613658.3118482311
humanitys-last-exam,Phi-4 Multimodal,phi-4-multimodal,777964.7058362908,0.0,1522035.2941637093,4.4,0.044,1522035.2941637093
humanitys-last-exam,Pixtral Large,pixtral-large-2411,802556.1982294155,0.0,1197443.8017705844,3.6,0.036,1197443.8017705844
humanitys-last-exam,QwQ-32B,qwq-32b,763465.4069647312,25520131.15257161,716403.4404636559,8.2,0.0819999999999999,26236534.593035266
humanitys-last-exam,QwQ32B-Preview,QwQ-32B-Preview,786921.4721558752,0.0,12213078.527844124,4.8,0.048,12213078.527844124
humanitys-last-exam,Qwen2 72B,qwen2-72b-instruct,785344.8396604328,0.0,714655.1603395671,3.7,0.037,714655.1603395671
humanitys-last-exam,Qwen2.5 72B,qwen2-5-72b-instruct,772272.3993690034,0.0,1427727.6006309967,4.2,0.042,1427727.6006309967
humanitys-last-exam,Qwen2.5 Coder 32B,qwen2-5-coder-32b-instruct,724872.390893067,0.0,1175127.609106933,3.8,0.038,1175127.609106933
humanitys-last-exam,Qwen2.5 Coder 7B,qwen2-5-coder-7b-instruct,798294.7972459886,0.0,1001705.2027540114,4.8,0.048,1001705.2027540114
humanitys-last-exam,Qwen2.5 Instruct32B,qwen2.5-32b-instruct,784714.8157527314,0.0,1115285.1842472688,3.8,0.038,1115285.1842472688
humanitys-last-exam,Qwen2.5 Max,qwen-2-5-max,782032.2875652626,0.0,2017967.7124347368,4.5,0.045,2017967.7124347368
humanitys-last-exam,Qwen2.5 Turbo,qwen-turbo,772054.7614242173,0.0,1227945.2385757829,4.2,0.042,1227945.2385757829
humanitys-last-exam,Qwen3 0.6B,qwen3-0.6b-instruct,732352.2157035933,8751845.861334987,515801.9229614194,5.7,0.057,9267647.784296406
humanitys-last-exam,Qwen3 1.7B,qwen3-1.7b-instruct-reasoning,718774.8191836189,14816558.811549006,10464666.369267374,5.2,0.052,25281225.180816382
humanitys-last-exam,Qwen3 14B,qwen3-14b-instruct,701605.5418034076,14564467.247780005,733927.2104165877,4.3,0.043,15298394.458196592
humanitys-last-exam,Qwen3 235B,qwen3-235b-a22b-instruct-reasoning,748032.944244714,21933314.722176857,1318652.333578427,11.7,0.1169999999999999,23251967.055755284
humanitys-last-exam,Qwen3 235B 2507,qwen3-235b-a22b-instruct-2507,682745.8563350003,0.0,11317254.143665,10.6,0.106,11317254.143665
humanitys-last-exam,Qwen3 235BA22B 2507,qwen3-235b-a22b-instruct-2507-reasoning,665272.8694707818,38434942.47784894,899784.6526802826,15.0,0.15,39334727.130529225
humanitys-last-exam,Qwen3 30B,qwen3-30b-a3b-instruct-reasoning,753695.0293747465,18533124.831106942,713180.139518307,6.6,0.066,19246304.970625248
humanitys-last-exam,Qwen3 30B A3B2507,qwen3-30b-a3b-2507,669244.3206339012,0.0,8630755.679366099,6.8,0.068,8630755.679366099
humanitys-last-exam,Qwen3 30BA3B 2507,qwen3-30b-a3b-2507,680603.2275508827,26169879.00343908,1149517.7690100428,9.8,0.098,27319396.77244912
humanitys-last-exam,Qwen3 32B,qwen3-32b-instruct,761226.8152011484,16367249.06728582,871524.1175130315,8.3,0.083,17238773.18479885
humanitys-last-exam,Qwen3 4B,qwen3-4b-instruct-reasoning,689073.1393325378,16421450.188256497,889476.6724109648,5.1,0.051,17310926.86066746
humanitys-last-exam,Qwen3 4B 2507,qwen3-4b-2507-instruct-reasoning,672511.9097947985,0.0,16327488.090205202,4.7,0.047,16327488.090205202
humanitys-last-exam,Qwen3 4B2507,qwen3-4b-2507-instruct-reasoning,679204.717962179,25364459.04231216,956336.2397256627,5.9,0.059,26320795.282037824
humanitys-last-exam,Qwen3 8B,qwen3-8b-instruct-reasoning,467137.62538043375,18275072.14084799,257790.2337715758,4.2,0.042,18532862.37461957
humanitys-last-exam,Qwen3 Coder 30BA3B,qwen3-coder-30b-a3b-instruct,671990.2269879627,0.0,2228009.7730120374,4.0,0.04,2228009.7730120374
humanitys-last-exam,Qwen3 Coder 480B,qwen3-coder-480b-a35b-instruct,655827.5984954991,0.0,2044172.4015045008,4.4,0.044,2044172.4015045008
humanitys-last-exam,Qwen3 Coder Next,qwen3-coder-next,646023.2772922724,0.0,14353976.722707728,9.3,0.093,14353976.722707728
humanitys-last-exam,Qwen3 Max,qwen3-max,668165.9118070194,0.0,9231834.08819298,11.1,0.111,9231834.08819298
humanitys-last-exam,Qwen3 Max(Preview),qwen3-max-preview,662643.8130207545,0.0,4837356.186979245,9.3,0.093,4837356.186979245
humanitys-last-exam,Qwen3 MaxThinking,qwen3-max-thinking,672148.9928380091,48216991.13755007,2110859.869611921,26.2,0.262,50327851.00716199
humanitys-last-exam,Qwen3 MaxThinking(Preview),qwen3-max-thinking-preview,620484.2491715429,5985262.15544378,4394253.595384678,12.0,0.12,10379515.750828458
humanitys-last-exam,Qwen3 Next 80BA3B,qwen3-next-80b-a3b-reasoning,666286.5497145442,0.0,7733713.450285456,7.3,0.073,7733713.450285456
humanitys-last-exam,Qwen3 Next80B A3B,qwen3-next-80b-a3b-reasoning,669955.3849140247,28573503.61941676,756540.9956692195,11.7,0.1169999999999999,29330044.61508597
humanitys-last-exam,Qwen3 Omni 30BA3B,qwen3-omni-30b-a3b-reasoning,675712.3127589391,0.0,17324287.687241063,5.1,0.051,17324287.687241063
humanitys-last-exam,Qwen3 Omni30B A3B,qwen3-omni-30b-a3b-reasoning,657460.2920939459,23409502.31767174,1933037.390234314,7.3,0.073,25342539.70790605
humanitys-last-exam,Qwen3 VL 235BA22B,qwen3-vl-235b-a22b-reasoning,665451.4382186241,0.0,5834548.561781376,6.3,0.063,5834548.561781376
humanitys-last-exam,Qwen3 VL 30B A3B,qwen3-vl-30b-a3b-reasoning,667080.187412203,0.0,11332919.812587796,6.4,0.064,11332919.812587796
humanitys-last-exam,Qwen3 VL 30BA3B,qwen3-vl-30b-a3b-reasoning,657227.1567085629,22133322.99461862,1209449.8486728168,8.7,0.087,23342772.84329144
humanitys-last-exam,Qwen3 VL 32B,qwen3-vl-32b-instruct,662225.4016691133,33410374.160738587,927400.4375922986,9.6,0.096,34337774.598330885
humanitys-last-exam,Qwen3 VL 4B,qwen3-vl-4b-reasoning,673599.7867457086,26915414.184842605,410986.028411686,4.4,0.044,27326400.21325429
humanitys-last-exam,Qwen3 VL 8B,qwen3-vl-8b-instruct,666155.418083486,25001950.286410123,331894.29550639336,3.3,0.033,25333844.581916515
humanitys-last-exam,Qwen3 VL235B A22B,qwen3-vl-235b-a22b-reasoning,655497.4272251853,19873780.44635002,470722.1264247981,10.1,0.1009999999999999,20344502.572774816
humanitys-last-exam,Qwen3.5 0.8B,qwen3-5-0-8b,669849.3068277041,0.0,73330150.69317229,4.9,0.049,73330150.69317229
humanitys-last-exam,Qwen3.5 122B A10B,qwen3-5-122b-a10b,670030.4503822942,0.0,22329969.549617704,14.8,0.148,22329969.549617704
humanitys-last-exam,Qwen3.5 122BA10B,qwen3-5-122b-a10b,664606.999472018,47790481.25379766,3544911.746730328,23.4,0.2339999999999999,51335393.00052799
humanitys-last-exam,Qwen3.5 27B,qwen3-5-27b,667674.9477481579,48252640.40959407,3079684.6426577736,22.2,0.222,51332325.05225184
humanitys-last-exam,Qwen3.5 2B,qwen3-5-2b-non-reasoning,664647.4464690011,0.0,74335352.553531,4.9,0.049,74335352.553531
humanitys-last-exam,Qwen3.5 35B A3B,qwen3-5-35b-a3b-non-reasoning,673226.9119713801,0.0,27326773.08802862,12.8,0.128,27326773.08802862
humanitys-last-exam,Qwen3.5 35BA3B,qwen3-5-35b-a3b-non-reasoning,663977.4779418762,49704207.21903606,4631815.303022071,19.7,0.1969999999999999,54336022.52205813
humanitys-last-exam,Qwen3.5 397B A17B,qwen3-5-397b-a17b-non-reasoning,661998.5973565655,0.0,12338001.402643437,18.8,0.188,12338001.402643437
humanitys-last-exam,Qwen3.5 397BA17B,qwen3-5-397b-a17b-non-reasoning,667226.3243975654,44295475.67978631,1037297.9958161244,27.3,0.273,45332773.67560244
humanitys-last-exam,Qwen3.5 4B,qwen3-5-4b-non-reasoning,671106.9792288957,55775926.17421146,1552966.846559645,7.8,0.078,57328893.0207711
humanitys-last-exam,Qwen3.5 9B,qwen3-5-9b,665500.232031321,89395338.25501208,6939161.512956598,13.3,0.133,96334499.76796868
humanitys-last-exam,Qwen3.5 Omni Plus,qwen3-5-omni-plus,667601.6003848573,0.0,8232398.3996151425,13.9,0.139,8232398.3996151425
humanitys-last-exam,Qwen3.5 OmniFlash,qwen3-5-omni-flash,685487.3795304247,0.0,11314512.620469576,7.1,0.071,11314512.620469576
humanitys-last-exam,Qwen3.6 Plus,qwen3-6-plus,667161.9302808905,58319296.019807465,3013542.0499116504,25.7,0.257,61332838.06971911
humanitys-last-exam,Reka Flash 3,reka-flash-3,724028.9816494507,31740095.48610318,1535875.5322473694,5.1,0.051,33275971.01835055
humanitys-last-exam,Ring-1T,ring-1t,677632.3530261061,26487633.69745201,834733.949521882,10.2,0.102,27322367.64697389
humanitys-last-exam,Ring-flash-2.0,ring-flash-2-0,636922.4799885314,70722814.28083833,640263.2391731358,8.9,0.089,71363077.52001145
humanitys-last-exam,Sarvam 105B(high),sarvam-105b,666505.9538557983,41738472.466514125,595021.5796300813,10.1,0.1009999999999999,42333494.04614421
humanitys-last-exam,Sarvam 30B(high),sarvam-30b,617508.0092537807,42623648.76247393,758843.2282722892,7.0,0.07,43382491.99074622
humanitys-last-exam,Sarvam M,sarvam-m-reasoning,613518.0378474958,10133591.356622756,252890.6055297476,3.3,0.033,10386481.962152503
humanitys-last-exam,Seed-OSS-36B-Instruct,seed-oss-36b-instruct,670248.2893536728,31406604.25732294,923147.4533233852,9.1,0.091,32329751.710646328
humanitys-last-exam,Solar Open100B,solar-open-100b-reasoning,666255.0608247779,46495197.12254386,838547.8166313537,9.2,0.092,47333744.93917521
humanitys-last-exam,Solar Pro 2,solar-pro-2-reasoning,652236.531449824,28349479.76421276,998283.7043374158,7.0,0.07,29347763.46855017
humanitys-last-exam,Solar Pro 3,solar-pro-3,663973.9847363955,57988569.683133975,1347456.332129629,10.1,0.1009999999999999,59336026.0152636
humanitys-last-exam,Sonar,sonar,767963.0785256731,0.0,1532036.9214743266,7.3,0.073,1532036.9214743266
humanitys-last-exam,Sonar Pro,sonar-pro,754785.9701426112,0.0,1045214.0298573888,7.9,0.079,1045214.0298573888
humanitys-last-exam,Step 3.5Flash,step-3-5-flash-0202,673891.9701456035,128804258.90166326,521849.1281911398,19.1,0.191,129326108.0298544
humanitys-last-exam,Step 3.5Flash 2603,step-3-5-flash,650155.7824582788,149224348.22704813,125495.99049358148,22.6,0.226,149349844.21754172
humanitys-last-exam,Step3 VL 10B,step-3-vl-10b,652723.7798113662,42405021.46357144,942254.756617186,10.2,0.102,43347276.22018863
humanitys-last-exam,Tiny Aya Global,tiny-aya-global,645297.5983598023,0.0,1454702.4016401975,5.2,0.052,1454702.4016401975
humanitys-last-exam,Tri-21B-Think,tri-21b-think-v0-5,657286.0021804022,22439431.755247258,903282.2425723388,6.1,0.061,23342713.997819595
humanitys-last-exam,Tri-21B-thinkPreview,tri-21b-think-preview,672399.5436285842,34152743.45576323,3174857.000608188,5.7,0.057,37327600.45637142
humanitys-last-exam,TrinityLargeThinking,trinity-large-thinking,667390.9722234675,85016599.1701841,316009.8575924192,14.7,0.147,85332609.02777652
humanitys-last-exam,Tulu3 405B,,773492.1302414957,0.0,1126507.8697585042,3.5,0.035,1126507.8697585042
humanitys-last-exam,gpt-oss-120B(high),gpt-oss-120b,665728.5652862105,47636367.18226414,697904.2524496496,18.5,0.185,48334271.43471379
humanitys-last-exam,gpt-oss-120B(low),gpt-oss-120b-low,665140.5754734842,1277029.0730273963,657830.3514991195,5.2,0.052,1934859.424526516
humanitys-last-exam,gpt-oss-20B(high),gpt-oss-20b,645972.4356874684,32543240.360469323,810787.2038432084,9.8,0.098,33354027.564312533
humanitys-last-exam,gpt-oss-20B(low),gpt-oss-20b-low,672172.9670625457,3603539.789516434,624287.2434210199,5.1,0.051,4227827.032937454
humanitys-last-exam,o1,o1,770889.6151801798,16326462.873439284,902647.511380537,7.7,0.077,17229110.38481982
humanitys-last-exam,o1-mini,o1-mini,671007.6966315592,9916513.821651312,1412478.4817171264,4.9,0.049,11328992.303368438
humanitys-last-exam,o3,o3,734273.7726793947,19104166.873648293,1161559.3536723098,20.0,0.2,20265726.227320604
humanitys-last-exam,o3-mini,o3-mini,794628.4509676291,9234289.492446696,971082.0565856744,8.7,0.087,10205371.549032371
humanitys-last-exam,o3-mini(high),o3-mini-high,770683.7387119463,28245913.30978256,983402.9515055008,12.3,0.123,29229316.26128805
humanitys-last-exam,o4-mini(high),o4-mini,744093.4522490646,33413693.77354309,842212.7742078509,17.5,0.175,34255906.54775094
